app_cut,prop_unmatched
1,0.0
2,0.006410256410256413
3,0.1684615384615385
4,0.7664102564102565
5,0.9946153846153847
6,1.0
7,1.0
8,1.0
9,1.0
10,1.0
