app_cut,prop_unmatched
1,0.12950819672131147
2,0.9183333333333329
3,1.0
4,1.0
5,1.0
6,1.0
7,1.0
8,1.0
9,1.0
10,1.0
