app_cut,prop_unmatched
1,0.14466666666666675
2,0.8606666666666666
3,0.9953333333333333
4,0.9993333333333334
5,1.0
6,1.0
7,1.0
8,1.0
9,1.0
10,1.0
