app_cut,prop_unmatched
1,0.0
2,0.0
3,0.0003542234332425067
4,0.0
5,0.0453133514986376
6,0.0
7,0.07710777626193725
8,0.5793188010899184
9,0.9999182561307901
10,1.0
