app_cut,prop_unmatched
1,0.0
2,0.0
3,0.0
4,0.0
5,0.0005513784461152882
6,0.006250000000000003
7,0.048500000000000015
8,0.2924500000000001
9,0.8934000000000001
10,1.0
