app_cut,prop_unmatched
1,0.0
2,0.008974358974358977
3,0.1630769230769231
4,0.7674358974358974
5,0.9964102564102565
6,1.0
7,1.0
8,1.0
9,1.0
10,1.0
