app_cut,prop_unmatched
1,0.7626229508196721
2,1.0
3,0.7573333333333332
4,1.0
5,0.9833333333333338
6,0.7770000000000001
7,1.0
8,0.757
9,1.0
10,1.0
