app_cut,prop_unmatched
1,0.0
2,0.0
3,0.0
4,0.0
5,0.0
6,0.0
7,0.0
8,0.029813333333333338
9,0.9680533333333331
10,1.0
