app_cut,prop_unmatched
1,0.023423423423423427
2,0.6199999999999998
3,0.9962162162162165
4,1.0
5,1.0
6,1.0
7,1.0
8,1.0
9,1.0
10,1.0
