app_cut,prop_unmatched
1,0.0
2,0.0
3,0.0
4,0.001761006289308176
5,0.030691823899371067
6,0.30138364779874216
7,0.890314465408805
8,0.9993710691823899
9,1.0
10,1.0
