app_cut,prop_unmatched
1,0.0
2,0.0
3,0.0
4,0.0
5,0.003571428571428571
6,0.08344827586206895
7,0.5662068965517243
8,0.9535714285714287
9,0.9986206896551724
10,1.0
