app_cut,prop_unmatched
1,0.0
2,0.0010444874274661512
3,0.04208897485493232
4,0.39644100580270797
5,0.964758220502901
6,0.9999227799227799
7,1.0
8,1.0
9,1.0
10,1.0
