app_cut,prop_unmatched
1,0.0
2,0.0
3,0.00018604651162790697
4,0.0
5,0.025302325581395346
6,0.0
7,0.046697674418604625
8,0.5538604651162791
9,1.0
10,1.0
