app_cut,prop_unmatched
1,0.0
2,0.0
3,0.0
4,0.006999999999999999
5,0.08205128205128207
6,0.5309999999999999
7,0.9400000000000004
8,0.9994871794871796
9,1.0
10,1.0
