app_cut,prop_unmatched
1,0.0
2,0.0
3,0.0
4,0.0
5,0.00010025062656641603
6,0.0
7,0.00030000000000000003
8,0.19669999999999999
9,0.99995
10,1.0
