app_cut,prop_unmatched
1,0.0
2,0.0
3,0.000538116591928251
4,0.007623318385650231
5,0.09461883408071747
6,0.5826008968609866
7,0.9812556053811659
8,1.0
9,1.0
10,1.0
