app_cut,prop_unmatched
1,0.0
2,0.0
3,0.0
4,0.0
5,0.0014678899082568812
6,0.01829268292682928
7,0.15097560975609753
8,0.6798170731707317
9,0.99
10,1.0
