app_cut,prop_unmatched
1,0.16133333333333344
2,0.8426666666666663
3,0.996
4,1.0
5,1.0
6,1.0
7,1.0
8,1.0
9,1.0
10,1.0
