app_cut,prop_unmatched
1,0.0
2,0.0
3,0.0
4,0.001764705882352941
5,0.023564356435643575
6,0.21176470588235283
7,0.7790196078431374
8,0.993529411764706
9,1.0
10,1.0
