app_cut,prop_unmatched
1,0.0
2,0.0
3,0.0
4,0.0
5,0.0005866666666666668
6,0.0
7,0.0002127659574468085
8,0.03498666666666666
9,0.7911466666666671
10,1.0
