app_cut,prop_unmatched
1,0.0
2,0.0
3,0.0006097560975609755
4,0.0
5,0.05033639143730888
6,0.0
7,0.07634146341463416
8,0.5914024390243903
9,1.0
10,1.0
