app_cut,prop_unmatched
1,0.0
2,0.0
3,0.00022598870056497175
4,0.013595505617977526
5,0.12327683615819213
6,0.6335955056179775
7,0.984719101123596
8,1.0
9,1.0
10,1.0
