app_cut,prop_unmatched
1,0.0
2,0.0
3,0.0
4,0.0
5,0.12823529411764695
6,0.5855555555555556
7,0.9258823529411763
8,0.9929411764705881
9,1.0
10,1.0
