app_cut,prop_unmatched
1,0.0
2,0.0
3,0.0
4,0.0
5,0.0006015037593984962
6,0.006050000000000003
7,0.04635000000000002
8,0.29035000000000005
9,0.8895499999999998
10,1.0
