app_cut,prop_unmatched
1,0.0
2,0.0
3,0.00037209302325581393
4,0.0
5,0.04176744186046511
6,0.0
7,0.0667906976744186
8,0.5160930232558139
9,0.999720930232558
10,1.0
