app_cut,prop_unmatched
1,0.0
2,0.0
3,0.0
4,0.0
5,0.007666666666666666
6,0.056666666666666664
7,0.38766666666666666
8,0.9376666666666666
9,0.9993333333333334
10,1.0
