app_cut,prop_unmatched
1,0.0
2,0.0017794970986460357
3,0.04266924564796904
4,0.3970212765957448
5,0.9627852998065763
6,1.0
7,1.0
8,1.0
9,1.0
10,1.0
