app_cut,prop_unmatched
1,0.0
2,0.0018181818181818182
3,0.15272727272727266
4,0.7599999999999996
5,0.9945454545454545
6,1.0
7,1.0
8,1.0
9,1.0
10,1.0
