app_cut,prop_unmatched
1,0.0
2,0.0
3,0.0
4,0.0
5,0.0037593984962406013
6,0.0
7,0.004800000000000002
8,0.16760000000000003
9,0.9838499999999998
10,1.0
