app_cut,prop_unmatched
1,0.0
2,0.0
3,0.0
4,0.004705882352941176
5,0.11294117647058817
6,0.5788888888888889
7,0.9317647058823527
8,0.9929411764705881
9,1.0
10,1.0
