app_cut,prop_unmatched
1,0.0
2,0.0
3,0.012307692307692308
4,0.22307692307692292
5,0.7553846153846157
6,0.9799999999999998
7,0.9984615384615384
8,1.0
9,1.0
10,1.0
