app_cut,prop_unmatched
1,0.02288288288288288
2,0.6225225225225223
3,0.9942342342342344
4,1.0
5,1.0
6,1.0
7,1.0
8,1.0
9,1.0
10,1.0
