app_cut,prop_unmatched
1,0.14196721311475413
2,0.9059999999999995
3,0.9996666666666667
4,1.0
5,1.0
6,1.0
7,1.0
8,1.0
9,1.0
10,1.0
