app_cut,prop_unmatched
1,0.0013084112149532709
2,0.18779342723004697
3,0.8869158878504674
4,0.9996244131455398
5,1.0
6,1.0
7,1.0
8,1.0
9,1.0
10,1.0
