app_cut,prop_unmatched
1,0.00010050251256281407
2,0.020570469798657728
3,0.3532998324958125
4,0.944496644295302
5,0.9997315436241611
6,1.0
7,1.0
8,1.0
9,1.0
10,1.0
