app_cut,prop_unmatched
1,0.6877477477477476
2,1.0
3,0.6502702702702706
4,1.0
5,1.0
6,0.6499099099099104
7,1.0
8,0.651711711711712
9,1.0
10,1.0
