app_cut,prop_unmatched
1,0.013333333333333332
2,0.3713333333333334
3,0.8906666666666664
4,0.9913333333333334
5,1.0
6,1.0
7,1.0
8,1.0
9,1.0
10,1.0
