app_cut,prop_unmatched
1,0.0
2,0.0
3,0.0
4,0.003333333333333333
5,0.07106382978723405
6,0.4970833333333334
7,0.93625
8,0.9970212765957447
9,1.0
10,1.0
