app_cut,prop_unmatched
1,0.0
2,0.0036363636363636364
3,0.15272727272727263
4,0.7636363636363632
5,0.9890909090909089
6,1.0
7,1.0
8,1.0
9,1.0
10,1.0
