app_cut,prop_unmatched
1,0.0
2,0.0
3,0.0
4,0.0
5,0.0006400000000000002
6,0.0
7,0.00031914893617021275
8,0.031253333333333334
9,0.7944533333333333
10,1.0
