app_cut,prop_unmatched
1,0.0
2,0.0
3,0.006
4,0.0006666666666666666
5,0.20433333333333337
6,0.004666666666666666
7,0.28166666666666673
8,0.8693333333333334
9,1.0
10,1.0
