app_cut,prop_unmatched
1,0.0
2,0.0
3,0.0
4,0.0
5,0.028195718654434244
6,0.0
7,0.06262195121951221
8,0.6820731707317073
9,1.0
10,1.0
