app_cut,prop_unmatched
1,0.7613114754098363
2,1.0
3,0.7573333333333332
4,1.0
5,0.9833333333333338
6,0.7756666666666667
7,1.0
8,0.7596666666666664
9,1.0
10,1.0
