app_cut,prop_unmatched
1,0.0
2,0.0
3,0.0
4,0.0013725490196078432
5,0.02415841584158417
6,0.21215686274509798
7,0.7645098039215683
8,0.9911764705882353
9,1.0
10,1.0
