app_cut,prop_unmatched
1,0.0
2,0.0
3,0.01692307692307692
4,0.22307692307692303
5,0.7646153846153848
6,0.9753846153846153
7,0.9984615384615384
8,1.0
9,1.0
10,1.0
