app_cut,prop_unmatched
1,0.00010050251256281407
2,0.02097315436241611
3,0.35105527638190964
4,0.9461409395973155
5,0.9999328859060403
6,1.0
7,1.0
8,1.0
9,1.0
10,1.0
