app_cut,prop_unmatched
1,0.0
2,0.0
3,0.0
4,0.0016666666666666666
5,0.08127659574468084
6,0.5616666666666666
7,0.963333333333333
8,1.0
9,1.0
10,1.0
