app_cut,prop_unmatched
1,0.0
2,0.0
3,0.0014545454545454545
4,0.0
5,0.08945454545454545
6,0.0007142857142857143
7,0.14981818181818177
8,0.818181818181818
9,1.0
10,1.0
