app_cut,prop_unmatched
1,0.0
2,0.0
3,0.0
4,0.0
5,0.0025454545454545456
6,0.03964285714285716
7,0.345090909090909
8,0.8756363636363634
9,0.9981818181818183
10,1.0
