app_cut,prop_unmatched
1,0.0018691588785046728
2,0.19427230046948357
3,0.8796261682242994
4,0.999906103286385
5,1.0
6,1.0
7,1.0
8,1.0
9,1.0
10,1.0
