app_cut,prop_unmatched
1,0.0
2,0.0
3,0.0
4,0.001
5,0.10205128205128204
6,0.6150000000000001
7,0.9695000000000004
8,1.0
9,1.0
10,1.0
