app_cut,prop_unmatched
1,0.0
2,0.0
3,0.0
4,0.0017275747508305643
5,0.02788079470198676
6,0.20192052980132455
7,0.7895681063122921
8,0.9991390728476821
9,1.0
10,1.0
