app_cut,prop_unmatched
1,0.0
2,0.0
3,0.0
4,0.0
5,0.008571428571428568
6,0.11241379310344833
7,0.5731034482758619
8,0.9642857142857146
9,0.9986206896551724
10,1.0
