app_cut,prop_unmatched
1,0.0
2,0.0
3,5.449591280653951e-05
4,0.0
5,0.025940054495912808
6,0.0
7,0.054270122783083234
8,0.673242506811989
9,1.0
10,1.0
