app_cut,prop_unmatched
1,0.0
2,0.0
3,0.0
4,0.0
5,0.017953488372093023
6,0.0
7,0.04000000000000001
8,0.7255813953488373
9,1.0
10,1.0
