app_cut,prop_unmatched
1,0.0
2,0.0
3,0.0
4,0.0
5,0.002556390977443609
6,0.0
7,0.005050000000000003
8,0.16759999999999997
9,0.9847999999999995
10,1.0
