app_cut,prop_unmatched
1,0.7616393442622953
2,1.0
3,0.7586666666666666
4,1.0
5,0.9833333333333338
6,0.7753333333333332
7,1.0
8,0.7583333333333332
9,1.0
10,1.0
