app_cut,prop_unmatched
1,0.010666666666666666
2,0.3680000000000001
3,0.8926666666666663
4,0.9953333333333333
5,1.0
6,1.0
7,1.0
8,1.0
9,1.0
10,1.0
