app_cut,prop_unmatched
1,0.0
2,0.0
3,0.002857142857142857
4,0.0
5,0.17142857142857143
6,0.002758620689655172
7,0.21448275862068963
8,0.8321428571428574
9,1.0
10,1.0
