app_cut,prop_unmatched
1,0.0
2,0.0
3,0.004285714285714285
4,0.0
5,0.16214285714285714
6,0.0020689655172413794
7,0.223448275862069
8,0.8414285714285714
9,1.0
10,1.0
